-- ez_coa_master
-- ez_param
INSERT INTO ez_coa_master (no_coa, create_by, create_date, versi, description, groups, lvl, parent_coa) VALUES
	('1', 'SYSTEM', CURRENT_TIMESTAMP, 0, 'ASSET', '1', 1, '0'),
	('101', 'SYSTEM', CURRENT_TIMESTAMP, 0, 'CASH', '1', 3, '1'),
	('102', 'SYSTEM', CURRENT_TIMESTAMP, 0, 'BANK', '1', 3, '1'),
	('103', 'SYSTEM', CURRENT_TIMESTAMP, 0, 'TERM DEPOSIT', '1', 3, '1'),
	('104', 'SYSTEM', CURRENT_TIMESTAMP, 0, 'RECEIVABLES', '1', 3, '1'),
	('105', 'SYSTEM', CURRENT_TIMESTAMP, 0, 'PREPAID EXPENSE', '1', 3, '1'),
	('106', 'SYSTEM', CURRENT_TIMESTAMP, 0, 'DEPOSIT', '1', 3, '1'),
	('107', 'SYSTEM', CURRENT_TIMESTAMP, 0, 'FIXED EXPENSE', '1', 3, '1'),
	('108', 'SYSTEM', CURRENT_TIMESTAMP, 0, 'ACCUMULATED DERP.', '1', 3, '1'),
	('2', 'SYSTEM', CURRENT_TIMESTAMP, 0, 'LIABILITIES', '2', 1, '0'),
	('201', 'SYSTEM', CURRENT_TIMESTAMP, 0, 'LIABILITIES PAYABLE', '2', 3, '2'),
	('202', 'SYSTEM', CURRENT_TIMESTAMP, 0, 'ACCRUED EXPANSES', '2', 3, '2'),
	('203', 'SYSTEM', CURRENT_TIMESTAMP, 0, 'ACCRUED TAX', '2', 3, '2'),
	('204', 'SYSTEM', CURRENT_TIMESTAMP, 0, 'LOAN TERM PAYABLE', '2', 3, '2'),
	('3', 'SYSTEM', CURRENT_TIMESTAMP, 0, 'CAPITAL', '3', 1, '0'),
	('300', 'SYSTEM', CURRENT_TIMESTAMP, 0, 'CAPITAL', '3', 3, '3'),
	('4', 'SYSTEM', CURRENT_TIMESTAMP, 0, 'REVENUE', '4', 1, '0'),
	('400', 'SYSTEM', CURRENT_TIMESTAMP, 0, 'REVENUE', '4', 3, '4'),
	('5', 'SYSTEM', CURRENT_TIMESTAMP, 0, 'COST', '5', 1, '0'),
	('500', 'SYSTEM', CURRENT_TIMESTAMP, 0, 'COST', '5', 3, '5'),
	('6', 'SYSTEM', CURRENT_TIMESTAMP, 0, 'OPERATION EXPENSES', '6', 1, '0'),
	('601', 'SYSTEM', CURRENT_TIMESTAMP, 0, 'EMPLOYEE EXPENSES', '6', 3, '6'),
	('602', 'SYSTEM', CURRENT_TIMESTAMP, 0, 'OFFICE EXPENSES', '6', 3, '6'),
	('603', 'SYSTEM', CURRENT_TIMESTAMP, 0, 'TRANSPORTATION AND COURIER', '6', 3, '6'),
	('604', 'SYSTEM', CURRENT_TIMESTAMP, 0, 'COMMUNICATION', '6', 3, '6'),
	('605', 'SYSTEM', CURRENT_TIMESTAMP, 0, 'SUPPLIES', '6', 3, '6'),
	('606', 'SYSTEM', CURRENT_TIMESTAMP, 0, 'PROFESSIONAL EXPENSES', '6', 3, '6'),
	('607', 'SYSTEM', CURRENT_TIMESTAMP, 0, 'BUSINESS DEV EXPENSES', '6', 3, '6'),
	('608', 'SYSTEM', CURRENT_TIMESTAMP, 0, 'DEPRECIATION AND AMORTISATION', '6', 3, '6'),
	('7', 'SYSTEM', CURRENT_TIMESTAMP, 0, 'OTHER EXPENSES', '7', 1, '0'),
	('701', 'SYSTEM', CURRENT_TIMESTAMP, 0, 'OTHER EXPENSES', '7', 3, '7'),
	('702', 'SYSTEM', CURRENT_TIMESTAMP, 0, 'OTHER INCOME', '7', 3, '7'),
	('8', 'SYSTEM', CURRENT_TIMESTAMP, 0, 'EBT', '8', 1, '0');

-- ez_rekening_ia_master
INSERT INTO ez_rekening_ia_master (no_rek, create_by, create_date, versi, description, no_coa, saldo_normal) VALUES
	('10101', 'SYSTEM', CURRENT_TIMESTAMP, 0, 'CASH 1', '101', 'D'),
	('10102', 'SYSTEM', CURRENT_TIMESTAMP, 0, 'CASH 2', '101', 'D'),
	('10103', 'SYSTEM', CURRENT_TIMESTAMP, 0, 'CASH 3', '101', 'D'),
	('10201', 'SYSTEM', CURRENT_TIMESTAMP, 0, 'BANK BCA', '102', 'D'),
	('10202', 'SYSTEM', CURRENT_TIMESTAMP, 0, 'BANK BNI', '102', 'D'),
	('10301', 'SYSTEM', CURRENT_TIMESTAMP, 0, 'TERM DEPOSIT', '103', 'D'),
	('10401', 'SYSTEM', CURRENT_TIMESTAMP, 0, 'TRADE RECEIVABLES', '104', 'D'),
	('10402', 'SYSTEM', CURRENT_TIMESTAMP, 0, 'BAD DEBT', '104', 'D'),
	('10403', 'SYSTEM', CURRENT_TIMESTAMP, 0, 'EMPLOYEE RECEIVABLE', '104', 'D'),
	('10404', 'SYSTEM', CURRENT_TIMESTAMP, 0, 'OTHER RECEIVABLE', '104', 'D'),
	('10501', 'SYSTEM', CURRENT_TIMESTAMP, 0, 'PREPAID TAX', '105', 'D'),
	('10601', 'SYSTEM', CURRENT_TIMESTAMP, 0, 'OFFICE DEPOSIT', '106', 'D'),
	('10701', 'SYSTEM', CURRENT_TIMESTAMP, 0, 'OTHER EQUIPMENT', '107', 'D'),
	('10801', 'SYSTEM', CURRENT_TIMESTAMP, 0, 'ACCUMULATE DEPR. OFFICE EQUIPMENT', '108', 'D'),
	('20100', 'SYSTEM', CURRENT_TIMESTAMP, 0, 'SHORT TERM PAYABLE', '201', 'K'),
	('20101', 'SYSTEM', CURRENT_TIMESTAMP, 0, 'TRADE PAYABLE', '201', 'K'),
	('20102', 'SYSTEM', CURRENT_TIMESTAMP, 0, 'WAGES PAYABLE', '201', 'K'),
	('20103', 'SYSTEM', CURRENT_TIMESTAMP, 0, 'UNEARNED REVENUE', '201', 'K'),
	('20104', 'SYSTEM', CURRENT_TIMESTAMP, 0, 'LOAN', '201', 'K'),
	('20105', 'SYSTEM', CURRENT_TIMESTAMP, 0, 'TAX PAYABLE', '201', 'K'),
	('20106', 'SYSTEM', CURRENT_TIMESTAMP, 0, 'SHARE HOLDER PAYABLE', '201', 'K'),
	('20107', 'SYSTEM', CURRENT_TIMESTAMP, 0, 'OTHER PAYABLE', '201', 'K'),
	('20200', 'SYSTEM', CURRENT_TIMESTAMP, 0, 'ACCRUED EXPENSES', '202', 'K'),
	('20300', 'SYSTEM', CURRENT_TIMESTAMP, 0, 'ACCRUED TAX', '203', 'K'),
	('20400', 'SYSTEM', CURRENT_TIMESTAMP, 0, 'LOAN TERM PAYABLE', '204', 'K'),
	('30001', 'SYSTEM', CURRENT_TIMESTAMP, 0, 'PAID IN CAPITAL', '300', 'K'),
	('30002', 'SYSTEM', CURRENT_TIMESTAMP, 0, 'RETAINED EARNING', '300', 'K'),
	('30003', 'SYSTEM', CURRENT_TIMESTAMP, 0, 'PROFIT (LOSS)', '300', 'K'),
	('40100', 'SYSTEM', CURRENT_TIMESTAMP, 0, 'REVENUE PRODUK 1', '400', 'K'),
	('40200', 'SYSTEM', CURRENT_TIMESTAMP, 0, 'REVENUE PRODUK 2', '400', 'K'),
	('40300', 'SYSTEM', CURRENT_TIMESTAMP, 0, 'REVENUE PRODUK 3', '400', 'K'),
	('40400', 'SYSTEM', CURRENT_TIMESTAMP, 0, 'REVENUE PRODUK 4', '400', 'K'),
	('40800', 'SYSTEM', CURRENT_TIMESTAMP, 0, 'SALES RETURN & ALLOWANCES', '400', 'K'),
	('40900', 'SYSTEM', CURRENT_TIMESTAMP, 0, 'SALES DISCOUNT', '400', 'K'),
	('50100', 'SYSTEM', CURRENT_TIMESTAMP, 0, 'COST PRODUK 1', '500', 'D'),
	('50200', 'SYSTEM', CURRENT_TIMESTAMP, 0, 'COST PRODUK 2', '500', 'D'),
	('50300', 'SYSTEM', CURRENT_TIMESTAMP, 0, 'COST PRODUK 3', '500', 'D'),
	('50400', 'SYSTEM', CURRENT_TIMESTAMP, 0, 'COST PRODUK 4', '500', 'D'),
	('50800', 'SYSTEM', CURRENT_TIMESTAMP, 0, 'PURCHASE RETURN & ALLOWANCES', '500', 'D'),
	('60101', 'SYSTEM', CURRENT_TIMESTAMP, 0, 'SALARY', '601', 'D'),
	('60102', 'SYSTEM', CURRENT_TIMESTAMP, 0, 'BPJS', '601', 'D'),
	('60103', 'SYSTEM', CURRENT_TIMESTAMP, 0, 'OTHER EMPLOYEE EXPENSES', '601', 'D'),
	('60201', 'SYSTEM', CURRENT_TIMESTAMP, 0, 'OFFICE RENTAL', '602', 'D'),
	('60202', 'SYSTEM', CURRENT_TIMESTAMP, 0, 'OTHER OFFICE EXPENSES', '602', 'D'),
	('60301', 'SYSTEM', CURRENT_TIMESTAMP, 0, 'TRANSPORTATION', '603', 'D'),
	('60302', 'SYSTEM', CURRENT_TIMESTAMP, 0, 'COURIER', '603', 'D'),
	('60401', 'SYSTEM', CURRENT_TIMESTAMP, 0, 'TELEPHONE', '604', 'D'),
	('60402', 'SYSTEM', CURRENT_TIMESTAMP, 0, 'INTERNET CONNECTION', '604', 'D'),
	('60501', 'SYSTEM', CURRENT_TIMESTAMP, 0, 'OFFICE SUPPLIES', '605', 'D'),
	('60601', 'SYSTEM', CURRENT_TIMESTAMP, 0, 'ACCOUNTING SERVICE FEE', '606', 'D'),
	('60701', 'SYSTEM', CURRENT_TIMESTAMP, 0, 'MEETING EXPENSE', '607', 'D'),
	('60702', 'SYSTEM', CURRENT_TIMESTAMP, 0, 'ENTERTAIN', '607', 'D'),
	('60703', 'SYSTEM', CURRENT_TIMESTAMP, 0, 'MEMBERSHIP', '607', 'D'),
	('61001', 'SYSTEM', CURRENT_TIMESTAMP, 0, 'DEPRECIATION', '610', 'D'),
	('61002', 'SYSTEM', CURRENT_TIMESTAMP, 0, 'AMORTISATION', '610', 'D'),
	('70101', 'SYSTEM', CURRENT_TIMESTAMP, 0, 'BANK CHARGES', '701', 'D'),
	('70102', 'SYSTEM', CURRENT_TIMESTAMP, 0, 'EXCHANGE RATE LOSS', '701', 'D'),
	('70201', 'SYSTEM', CURRENT_TIMESTAMP, 0, 'INTEREST INCOME', '702', 'D'),
	('70302', 'SYSTEM', CURRENT_TIMESTAMP, 0, 'EXCHANGE RATE GAIN', '702', 'D');

-- ez_transaction_handler
INSERT INTO ez_transaction_handler (kode_transaksi, create_by, create_date, versi, class_name, description, last_change) VALUES
	('3001', 'SYSTEM', CURRENT_TIMESTAMP, 0, 'com.id.ezacc.fw.accounting.handler.TransaksiTunai', 'MANUAL TERIMA TUNAI', CURRENT_TIMESTAMP),
	('3002', 'SYSTEM', CURRENT_TIMESTAMP, 0, 'com.id.ezacc.fw.accounting.handler.TransaksiTunai', 'MANUAL BAYAR TUNAI', CURRENT_TIMESTAMP),
	('3003', 'SYSTEM', CURRENT_TIMESTAMP, 0, 'com.id.ezacc.fw.accounting.handler.TransaksiTransfer', 'MANUAL OVERBOOK', CURRENT_TIMESTAMP);
